<?xml version="1.0" encoding="utf-8"?>
	<TileMap version="1.0.0" tilemapservice="http://tms.osgeo.org/1.0.0">
	  <Title>Cesium_Logo_Color.jpg</Title>
	  <Abstract></Abstract>
	  <SRS>EPSG:900913</SRS>
	  <BoundingBox minx="19.98909517812623" miny="-119.99999999999991" maxx="39.99999999999996" maxy="-60.00762865915187"/>
	  <Origin x="19.98909517812623" y="-119.99999999999991"/>
	  <TileFormat width="256" height="256" mime-type="image/png" extension="png"/>
	  <TileSets profile="mercator">
	    <TileSet href="0" units-per-pixel="156543.03390000000945" order="0"/>
	    <TileSet href="1" units-per-pixel="78271.51695000000473" order="1"/>
	    <TileSet href="2" units-per-pixel="39135.75847500000236" order="2"/>
	    <TileSet href="3" units-per-pixel="19567.87923750000118" order="3"/>
	    <TileSet href="4" units-per-pixel="9783.93961875000059" order="4"/>
	  </TileSets>
	</TileMap>
	